canonical_key,name_ko,district,merged_line_count,merged_lines,station_codes,coord_spread_m,name_variants,official_transfer_flag,transfer_line_match,operator_differs,ja_missing,zh_missing,decision,needs_review,review_reason
이촌,이촌,11170 용산구,2,4호선 · 경원선,0430 1008,907,이촌 | 이촌(국립중앙박물관) | 이촌역 | 국립중앙박물관,Y,true,true,false,false,merge,false,
서울,서울역,11140 중구 | 11170 용산구,4,1호선 · 4호선 · 경의중앙선 · 인천국제공항선,A01 0133 0426 1251,435,서울역 | 서울 | 서울역(경의선) | 경의선,Y,true,true,false,false,merge,false,
잠실,잠실,11710 송파구,2,2호선 · 8호선,0216 0814,394,잠실 | 잠실(송파구청) | 송파구청,Y,true,false,false,false,merge,false,
동대문역사문화공원,동대문역사문화공원,11140 중구,3,2호선 · 4호선 · 5호선,0205 0422 0536,346,동대문역사문화공원 | 동대문역사문화공원(DDP) | DDP,Y,true,false,false,false,merge,false,
디지털미디어시티,디지털미디어시티,11440 마포구 | 11380 은평구,3,6호선 · 경의중앙선 · 인천국제공항선,A04 0618 1266,325,디지털미디어시티 | 디지털미디어시티역,Y,true,true,false,false,merge,false,
노원,노원,11350 노원구,2,4호선 · 7호선,0411 0713,306,노원,Y,true,false,false,false,merge,false,
고속터미널,고속터미널,11650 서초구,3,3호선 · 7호선 · 서울 도시철도 9호선,0339 0734 4123,297,고속터미널,Y,true,true,false,false,merge,false,
홍대입구,홍대입구,11440 마포구,3,2호선 · 경의중앙선 · 인천국제공항선,A03 0239 1264,296,홍대입구 | 홍대입구역,Y,true,true,false,false,merge,false,
신당,신당,11140 중구,2,2호선 · 6호선,0206 0635,293,신당,Y,true,false,false,false,merge,false,
종로3가,종로3가,11110 종로구,3,1호선 · 3호선 · 5호선,0130 0329 0534,277,종로3가 | 종로3가(탑골공원) | 탑골공원,Y,false,false,false,false,merge,false,[OVERRIDE RV-7939e47f CONFIRMED_MERGE]
신설동,신설동,11230 동대문구 | 11110 종로구,3,1호선 · 2호선 · 우이신설선,0126 2114 S122,275,신설동,mixed,false,true,false,false,merge,false,[OVERRIDE RV-bac68788 CONFIRMED_MERGE]
종합운동장,종합운동장,11710 송파구,2,2호선 · 수도권  도시철도 9호선,0218 4130,271,종합운동장,Y,true,true,false,false,merge,false,
청량리,청량리,11230 동대문구,3,1호선 · 경의중앙선 · 경원선,0124 1014 1014,269,청량리 | 청량리(서울시립대입구) | 청량리역 | 서울시립대입구,Y,false,true,false,false,merge,false,
신길,신길역,11560 영등포구,2,경부선 · 5호선,0525 1032,261,신길역 | 신길,Y,true,true,false,false,merge,false,
총신대입구,총신대입구,11650 서초구 | 11590 동작구,2,4호선 · 7호선,0432 0736,256,총신대입구 | 총신대입구(이수) | 이수,Y,true,false,false,false,merge,false,
시청,시청,11140 중구,2,1호선 · 2호선,0132 0201,253,시청,Y,true,false,false,false,merge,false,
김포공항,김포공항,11500 강서구,5,5호선 · 서울 도시철도 9호선 · 서해선 · 인천국제공항선 · 김포도시철도,A05 G109 0512 4102 1980,245,김포공항 | 김포공항역,Y,false,true,false,false,merge,false,[OVERRIDE RV-1897605b CONFIRMED_MERGE]
영등포구청,영등포구청,11560 영등포구,2,2호선 · 5호선,0236 0523,224,영등포구청,Y,true,false,false,false,merge,false,
동작,동작,11650 서초구 | 11590 동작구,2,4호선 · 서울 도시철도 9호선,0431 4120,184,동작 | 동작(현충원) | 현충원,Y,true,true,false,false,merge,false,
대림,대림,11530 구로구 | 11560 영등포구,2,2호선 · 7호선,0233 0744,181,대림 | 대림(구로구청) | 구로구청,Y,true,false,false,false,merge,false,
옥수,옥수,11200 성동구,2,3호선 · 경원선,0335 1011,177,옥수 | 옥수역,Y,true,true,false,false,merge,false,
건대입구,건대입구,11215 광진구,2,2호선 · 7호선,0212 0727,173,건대입구,Y,true,false,false,false,merge,false,
공덕,공덕,11440 마포구,4,5호선 · 6호선 · 경의중앙선 · 인천국제공항선,A02 0529 0626 1262,172,공덕 | 공덕역,Y,false,true,false,false,merge,false,[OVERRIDE RV-1c101d1f CONFIRMED_MERGE]
상봉,상봉,11260 중랑구,3,7호선 · 경의중앙선 · 경춘선,0720 1202 1202,169,상봉 | 상봉역,Y,false,true,false,false,merge,false,
왕십리,왕십리,11200 성동구,4,2호선 · 5호선 · 경원선 · 분당선,0208 0540 1013 1013,166,왕십리 | 왕십리(성동구청) | 왕십리역 | 성동구청,Y,true,true,false,false,merge,false,
을지로3가,을지로3가,11140 중구,2,2호선 · 3호선,0203 0330,154,을지로3가,Y,true,false,false,false,merge,false,
삼각지,삼각지,11170 용산구,2,4호선 · 6호선,0428 0628,152,삼각지 | 삼각지(전쟁기념관) | 전쟁기념관,Y,true,false,false,false,merge,false,
충정로,충정로,11410 서대문구,2,2호선 · 5호선,0243 0531,152,충정로 | 충정로(경기대입구) | 경기대입구,Y,true,false,false,false,merge,false,
동대문,동대문,11110 종로구,2,1호선 · 4호선,0128 0421,146,동대문,Y,true,false,false,false,merge,false,
태릉입구,태릉입구,11350 노원구,2,6호선 · 7호선,0645 0717,144,태릉입구,Y,true,false,false,false,merge,false,
합정,합정,11440 마포구,2,2호선 · 6호선,0238 0622,142,합정,Y,true,false,false,false,merge,false,
복정,복정,11710 송파구,2,8호선 · 분당선,0820 1031,141,복정 | 복정역,Y,true,true,false,false,merge,false,
가산디지털단지,가산디지털단지역,11545 금천구,2,경부선 · 7호선,0746 1702,133,가산디지털단지역 | 가산디지털단지,Y,true,true,false,false,merge,false,
동묘앞,동묘앞,11110 종로구,2,1호선 · 6호선,0127 0636,130,동묘앞,Y,true,false,false,false,merge,false,
교대,교대,11650 서초구,2,2호선 · 3호선,0223 0340,114,교대 | 교대(법원·검찰청) | 법원·검찰청,Y,true,false,false,false,merge,false,
대방,대방역,11560 영등포구,2,경부선 · 수도권 경량도시철도 신림선,S402 1005,114,대방역 | 대방,Y,true,true,true,true,merge,false,
당산,당산,11560 영등포구,2,2호선 · 서울 도시철도 9호선,0237 4113,112,당산,Y,true,true,false,false,merge,false,
불광,불광,11380 은평구,2,3호선 · 6호선,0322 0612,104,불광,Y,true,false,false,false,merge,false,
연신내,연신내,11380 은평구,2,3호선 · 6호선,0321 0614,103,연신내,Y,true,false,false,false,merge,false,
효창공원앞,효창공원앞,11170 용산구,2,6호선 · 경의중앙선,0627 1261,103,효창공원앞 | 효창공원앞역,Y,true,true,false,false,merge,false,
마곡나루,마곡나루,11500 강서구,2,서울 도시철도 9호선 · 인천국제공항선,A042 4105,100,마곡나루 | 마곡나루(서울식물원) | 서울식물원,Y,true,true,true,true,merge,false,
신내,신내,11260 중랑구,2,6호선 · 경춘선,0648 1311,98,신내 | 신내역,mixed,false,true,false,false,merge,false,[OVERRIDE RV-01c72fd1 CONFIRMED_MERGE]
가락시장,가락시장,11710 송파구,2,3호선 · 8호선,0350 0817,92,가락시장,Y,true,false,false,false,merge,false,
샛강,샛강,11560 영등포구,2,서울 도시철도 9호선 · 수도권 경량도시철도 신림선,S401 4116,89,샛강,Y,true,true,true,true,merge,false,
을지로4가,을지로4가,11140 중구,2,2호선 · 5호선,0204 0535,87,을지로4가,Y,true,false,false,false,merge,false,
망우,망우역,11260 중랑구,2,경의중앙선 · 경춘선,1203 1203,82,망우역,Y,true,false,true,true,merge,false,
노량진,노량진역,11590 동작구,2,경부선 · 서울 도시철도 9호선,4117 1004,80,노량진역 | 노량진,Y,true,true,true,true,merge,false,
천호,천호,11740 강동구,2,5호선 · 8호선,0547 0811,79,천호 | 천호(풍납토성) | 풍납토성,Y,true,false,false,false,merge,false,
강남구청,강남구청,11680 강남구,2,7호선 · 분당선,0730 1849,75,강남구청 | 강남구청역,Y,true,true,false,false,merge,false,
신림,신림,11620 관악구,2,2호선 · 수도권 경량도시철도 신림선,S408 0230,75,신림,mixed,false,true,false,false,merge,false,[OVERRIDE RV-f9d22839 CONFIRMED_MERGE]
약수,약수,11140 중구,2,3호선 · 6호선,0333 0633,75,약수,Y,true,false,false,false,merge,false,
강남,강남,11680 강남구,2,2호선 · 신분당선,D007 0222,74,강남,Y,false,true,false,false,merge,false,[OVERRIDE RV-109e8208 CONFIRMED_MERGE]
수서,수서,11680 강남구,2,3호선 · 분당선,0349 1030,73,수서 | 수서역,Y,true,true,false,false,merge,false,
선릉,선릉,11680 강남구,2,2호선 · 분당선,0220 1023,72,선릉 | 선릉역,Y,true,true,false,false,merge,false,
도봉산,도봉산,11320 도봉구,2,7호선 · 경원선,0710 1903,69,도봉산 | 도봉산역,Y,false,true,false,false,merge,false,[OVERRIDE RV-9c5fd97a CONFIRMED_MERGE]
창동,창동,11320 도봉구,2,4호선 · 경원선,0412 1022,58,창동 | 창동역,Y,false,true,false,false,merge,false,[OVERRIDE RV-31b4e4a3 CONFIRMED_MERGE]
오금,오금,11710 송파구,2,3호선 · 5호선,0352 P552,57,오금,Y,true,false,false,false,merge,false,
올림픽공원,올림픽공원,11710 송파구,2,5호선 · 수도권  도시철도 9호선,P550 4136,56,올림픽공원 | 올림픽공원(한국체대) | 한국체대,mixed,false,true,false,false,merge,false,[OVERRIDE RV-c23c23a5 CONFIRMED_MERGE]
보라매,보라매,11560 영등포구 | 11590 동작구,2,7호선 · 수도권 경량도시철도 신림선,S404 0742,55,보라매,mixed,false,true,false,false,merge,false,[OVERRIDE RV-b933ce4b CONFIRMED_MERGE]
선정릉,선정릉,11680 강남구,2,수도권  도시철도 9호선 · 분당선,4127 1850,55,선정릉 | 선정릉역,Y,true,true,false,false,merge,false,
성신여대입구,성신여대입구,11290 성북구,2,4호선 · 우이신설선,0418 S120,55,성신여대입구 | 성신여대입구(돈암) | 돈암,mixed,false,true,false,false,merge,false,[OVERRIDE RV-f0953311 CONFIRMED_MERGE]
신사,신사,11680 강남구,2,3호선 · 신분당선,D004 0337,55,신사,mixed,false,true,false,false,merge,false,[OVERRIDE RV-0916ec69 CONFIRMED_MERGE]
석계,석계,11290 성북구 | 11350 노원구,2,6호선 · 경원선,0644 1018,42,석계 | 석계역,Y,false,true,false,false,merge,false,[OVERRIDE RV-07230d24 CONFIRMED_MERGE]
광운대,광운대역,11350 노원구,3,경의중앙선 · 경원선 · 경춘선,1019 1019 1019,40,광운대역,Y,false,false,true,true,merge,false,[OVERRIDE RV-24e08948 CONFIRMED_MERGE]
도곡,도곡,11680 강남구,2,3호선 · 분당선,0344 1025,36,도곡 | 도곡역,Y,true,true,false,false,merge,false,
석촌,석촌,11710 송파구,2,8호선 · 수도권  도시철도 9호선,0815 4133,36,석촌,mixed,false,true,false,false,merge,false,[OVERRIDE RV-3fba854c CONFIRMED_MERGE]
충무로,충무로,11140 중구,2,3호선 · 4호선,0331 0423,35,충무로,Y,true,false,false,false,merge,false,
신도림,신도림역,11530 구로구,2,경부선 · 2호선,0234 1007,32,신도림역 | 신도림,Y,true,true,false,false,merge,false,
보문,보문,11290 성북구,2,6호선 · 우이신설선,0638 S121,31,보문,mixed,false,true,false,false,merge,false,[OVERRIDE RV-dde34b81 CONFIRMED_MERGE]
사당,사당,11590 동작구 | 11620 관악구,2,2호선 · 4호선,0226 0433,30,사당,Y,true,false,false,false,merge,false,
온수,온수,11530 구로구,2,7호선 · 경인선,0750 1821,25,온수 | 온수(성공회대입구) | 온수역 | 성공회대입구,Y,false,true,false,false,merge,false,[OVERRIDE RV-55e2b39d CONFIRMED_MERGE]
회기,회기역,11230 동대문구,2,경의중앙선 · 경원선,1015 1015,22,회기역,Y,true,false,true,true,merge,false,
양재,양재,11680 강남구,2,3호선 · 신분당선,D008 0342,18,양재 | 양재(서초구청) | 서초구청,Y,false,true,false,false,merge,false,[OVERRIDE RV-f48d73b0 CONFIRMED_MERGE]
신논현,신논현,11650 서초구 | 11680 강남구,2,서울 도시철도 9호선 · 신분당선,D006 4125,16,신논현,Y,false,true,true,true,merge,false,[OVERRIDE RV-efae0bc7 CONFIRMED_MERGE]
여의도,여의도,11560 영등포구,2,5호선 · 서울 도시철도 9호선,0526 4115,15,여의도,Y,true,true,false,false,merge,false,
군자,군자,11215 광진구,2,5호선 · 7호선,0544 0725,9,군자 | 군자(능동) | 능동,Y,true,false,false,false,merge,false,
논현,논현,11680 강남구,2,7호선 · 신분당선,D005 0732,2,논현,mixed,false,true,false,false,merge,false,[OVERRIDE RV-35c5062d CONFIRMED_MERGE]
청구,청구,11140 중구,2,5호선 · 6호선,0537 0634,2,청구,Y,true,false,false,false,merge,false,
419민주묘지,4.19민주묘지,11305 강북구,1,우이신설선,S112,0,4.19민주묘지,N,n/a,false,true,true,single,false,
가양,가양,11500 강서구,1,서울 도시철도 9호선,4107,0,가양,N,n/a,false,true,true,single,false,
가오리,가오리,11305 강북구,1,우이신설선,S113,0,가오리,N,n/a,false,true,true,single,false,
가좌,가좌역,11440 마포구,1,경의중앙선,1265,0,가좌역,N,n/a,false,true,true,single,false,
강동,강동,11740 강동구,1,5호선,0548,0,강동,N,n/a,false,false,false,single,false,
강동구청,강동구청,11710 송파구,1,8호선,0812,0,강동구청,N,n/a,false,false,false,single,false,
강변,강변,11215 광진구,1,2호선,0214,0,강변 | 강변(동서울터미널) | 동서울터미널,N,n/a,false,false,false,single,false,
강일,강일,11740 강동구,1,5호선,0554,0,강일,N,n/a,false,false,false,single,false,
개롱,개롱,11710 송파구,1,5호선,P553,0,개롱,N,n/a,false,false,false,single,false,
개봉,개봉역,11530 구로구,1,경인선,1801,0,개봉역,N,n/a,false,true,true,single,false,
개포동,개포동역,11680 강남구,1,분당선,1027,0,개포동역,N,n/a,false,true,true,single,false,
개화,개화,11500 강서구,1,서울 도시철도 9호선,4101,0,개화,N,n/a,false,true,true,single,false,
개화산,개화산,11500 강서구,1,5호선,0511,0,개화산,N,n/a,false,false,false,single,false,
거여,거여,11710 송파구,1,5호선,P554,0,거여,N,n/a,false,false,false,single,false,
경복궁,경복궁,11110 종로구,1,3호선,0327,0,경복궁 | 경복궁(정부서울청사) | 정부서울청사,N,n/a,false,false,false,single,false,
경찰병원,경찰병원,11710 송파구,1,3호선,0351,0,경찰병원,N,n/a,false,false,false,single,false,
고덕,고덕,11740 강동구,1,5호선,0552,0,고덕,N,n/a,false,false,false,single,false,
고려대,고려대,11290 성북구,1,6호선,0640,0,고려대 | 고려대(종암) | 종암,N,n/a,false,false,false,single,false,
공릉,공릉,11350 노원구,1,7호선,0716,0,공릉 | 공릉(서울과학기술대) | 서울과학기술대,N,n/a,false,false,false,single,false,
공항시장,공항시장,11500 강서구,1,서울 도시철도 9호선,4103,0,공항시장,N,n/a,false,true,true,single,false,
관악산,관악산,11620 관악구,1,수도권 경량도시철도 신림선,S411,0,관악산,N,n/a,false,true,true,single,false,
광나루,광나루,11215 광진구,1,5호선,0546,0,광나루 | 광나루(장신대) | 장신대,N,n/a,false,false,false,single,false,
광화문,광화문,11110 종로구,1,5호선,0533,0,광화문 | 광화문(세종문화회관) | 세종문화회관,N,n/a,false,false,false,single,false,
광흥창,광흥창,11440 마포구,1,6호선,0624,0,광흥창 | 광흥창(서강) | 서강,N,n/a,false,false,false,single,false,
구로,구로역,11530 구로구,1,경부선,1701,0,구로역,N,n/a,false,true,true,single,false,
구로디지털단지,구로디지털단지,11530 구로구,1,2호선,0232,0,구로디지털단지,N,n/a,false,false,false,single,false,
구룡,구룡역,11680 강남구,1,분당선,1026,0,구룡역,N,n/a,false,true,true,single,false,
구반포,구반포,11650 서초구,1,서울 도시철도 9호선,4121,0,구반포,N,n/a,false,true,true,single,false,
구산,구산,11380 은평구,1,6호선,0615,0,구산,N,n/a,false,false,false,single,false,
구의,구의,11215 광진구,1,2호선,0213,0,구의 | 구의(광진구청) | 광진구청,N,n/a,false,false,false,single,false,
구일,구일역,11530 구로구,1,경인선,1813,0,구일역,N,n/a,false,true,true,single,false,
구파발,구파발,11380 은평구,1,3호선,0320,0,구파발,N,n/a,false,false,false,single,false,
국회의사당,국회의사당,11560 영등포구,1,서울 도시철도 9호선,4114,0,국회의사당,N,n/a,false,true,true,single,false,
굽은다리,굽은다리,11740 강동구,1,5호선,0550,0,굽은다리 | 굽은다리(강동구민회관앞) | 강동구민회관앞,N,n/a,false,false,false,single,false,
금천구청,금천구청역,11545 금천구,1,경부선,1703,0,금천구청역,N,n/a,false,true,true,single,false,
금호,금호,11200 성동구,1,3호선,0334,0,금호,N,n/a,false,false,false,single,false,
길동,길동,11740 강동구,1,5호선,0549,0,길동,N,n/a,false,false,false,single,false,
길음,길음,11290 성북구,1,4호선,0417,0,길음,N,n/a,false,false,false,single,false,
까치산,까치산,11500 강서구,1,5호선,0518,0,까치산,Y,n/a,false,false,false,single,false,
낙성대,낙성대,11620 관악구,1,2호선,0227,0,낙성대 | 낙성대(강감찬) | 강감찬,N,n/a,false,false,false,single,false,
남구로,남구로,11530 구로구,1,7호선,0745,0,남구로,N,n/a,false,false,false,single,false,
남부터미널,남부터미널,11650 서초구,1,3호선,0341,0,남부터미널 | 남부터미널(예술의전당) | 예술의전당,N,n/a,false,false,false,single,false,
남성,남성,11590 동작구,1,7호선,0737,0,남성,N,n/a,false,false,false,single,false,
남영,남영역,11170 용산구,1,경부선,1002,0,남영역,N,n/a,false,true,true,single,false,
남태령,남태령,11650 서초구,1,4호선,0434,0,남태령,N,n/a,false,false,false,single,false,
내방,내방,11650 서초구,1,7호선,0735,0,내방,N,n/a,false,false,false,single,false,
노들,노들,11590 동작구,1,서울 도시철도 9호선,4118,0,노들,N,n/a,false,true,true,single,false,
녹번,녹번,11380 은평구,1,3호선,0323,0,녹번,N,n/a,false,false,false,single,false,
녹사평,녹사평,11170 용산구,1,6호선,0629,0,녹사평 | 녹사평(용산구청) | 용산구청,N,n/a,false,false,false,single,false,
녹천,녹천역,11350 노원구,1,경원선,1021,0,녹천역,N,n/a,false,true,true,single,false,
답십리,답십리,11200 성동구,1,5호선,0542,0,답십리,N,n/a,false,false,false,single,false,
당곡,당곡,11620 관악구,1,수도권 경량도시철도 신림선,S407,0,당곡,N,n/a,false,true,true,single,false,
대모산입구,대모산입구역,11680 강남구,1,분당선,1028,0,대모산입구역,N,n/a,false,true,true,single,false,
대청,대청,11680 강남구,1,3호선,0347,0,대청,N,n/a,false,false,false,single,false,
대치,대치,11680 강남구,1,3호선,0345,0,대치,N,n/a,false,false,false,single,false,
대흥,대흥,11440 마포구,1,6호선,0625,0,대흥 | 대흥(서강대앞) | 서강대앞,N,n/a,false,false,false,single,false,
도림천,도림천,11530 구로구,1,2호선,2341,0,도림천,N,n/a,false,false,false,single,false,
도봉,도봉역,11320 도봉구,1,경원선,1902,0,도봉역,N,n/a,false,true,true,single,false,
독립문,독립문,11110 종로구,1,3호선,0326,0,독립문,N,n/a,false,false,false,single,false,
독바위,독바위,11380 은평구,1,6호선,0613,0,독바위,N,n/a,false,false,false,single,false,
독산,독산역,11545 금천구,1,경부선,1714,0,독산역,N,n/a,false,true,true,single,false,
돌곶이,돌곶이,11290 성북구,1,6호선,0643,0,돌곶이,N,n/a,false,false,false,single,false,
동대입구,동대입구,11140 중구,1,3호선,0332,0,동대입구,N,n/a,false,false,false,single,false,
둔촌동,둔촌동,11740 강동구,1,5호선,P549,0,둔촌동,N,n/a,false,false,false,single,false,
둔촌오륜,둔촌오륜,11740 강동구,1,수도권  도시철도 9호선,4137,0,둔촌오륜,N,n/a,false,false,false,single,false,
등촌,등촌,11470 양천구,1,서울 도시철도 9호선,4109,0,등촌,N,n/a,false,true,true,single,false,
뚝섬,뚝섬,11200 성동구,1,2호선,0210,0,뚝섬,N,n/a,false,false,false,single,false,
마곡,마곡,11500 강서구,1,5호선,0514,0,마곡,N,n/a,false,false,false,single,false,
마들,마들,11350 노원구,1,7호선,0712,0,마들,N,n/a,false,false,false,single,false,
마장,마장,11200 성동구,1,5호선,0541,0,마장,N,n/a,false,false,false,single,false,
마천,마천,11710 송파구,1,5호선,P555,0,마천,N,n/a,false,false,false,single,false,
마포,마포,11440 마포구,1,5호선,0528,0,마포,N,n/a,false,false,false,single,false,
마포구청,마포구청,11440 마포구,1,6호선,0620,0,마포구청,N,n/a,false,false,false,single,false,
망원,망원,11440 마포구,1,6호선,0621,0,망원,N,n/a,false,false,false,single,false,
매봉,매봉,11680 강남구,1,3호선,0343,0,매봉,N,n/a,false,false,false,single,false,
먹골,먹골,11260 중랑구,1,7호선,0718,0,먹골,N,n/a,false,false,false,single,false,
면목,면목,11260 중랑구,1,7호선,0721,0,면목,N,n/a,false,false,false,single,false,
명동,명동,11140 중구,1,4호선,0424,0,명동,N,n/a,false,false,false,single,false,
명일,명일,11740 강동구,1,5호선,0551,0,명일,N,n/a,false,false,false,single,false,
목동,목동,11470 양천구,1,5호선,0520,0,목동,N,n/a,false,false,false,single,false,
몽촌토성,몽촌토성,11710 송파구,1,8호선,0813,0,몽촌토성 | 몽촌토성(평화의문) | 평화의문,N,n/a,false,false,false,single,false,
무악재,무악재,11410 서대문구,1,3호선,0325,0,무악재,N,n/a,false,false,false,single,false,
문래,문래,11560 영등포구,1,2호선,0235,0,문래,N,n/a,false,false,false,single,false,
문정,문정,11710 송파구,1,8호선,0818,0,문정,N,n/a,false,false,false,single,false,
미아,미아,11305 강북구,1,4호선,0415,0,미아 | 미아(서울사이버대학) | 서울사이버대학,N,n/a,false,false,false,single,false,
미아사거리,미아사거리,11305 강북구,1,4호선,0416,0,미아사거리,N,n/a,false,false,false,single,false,
반포,반포,11650 서초구,1,7호선,0733,0,반포,N,n/a,false,false,false,single,false,
발산,발산,11500 강서구,1,5호선,0515,0,발산,N,n/a,false,false,false,single,false,
방배,방배,11650 서초구,1,2호선,0225,0,방배,N,n/a,false,false,false,single,false,
방이,방이,11710 송파구,1,5호선,P551,0,방이,N,n/a,false,false,false,single,false,
방학,방학역,11320 도봉구,1,경원선,1901,0,방학역,N,n/a,false,true,true,single,false,
방화,방화,11500 강서구,1,5호선,0510,0,방화,N,n/a,false,false,false,single,false,
버티고개,버티고개,11140 중구,1,6호선,0632,0,버티고개,N,n/a,false,false,false,single,false,
보라매공원,보라매공원,11590 동작구,1,수도권 경량도시철도 신림선,S405,0,보라매공원,N,n/a,false,true,true,single,false,
보라매병원,보라매병원,11590 동작구,1,수도권 경량도시철도 신림선,S406,0,보라매병원,N,n/a,false,true,true,single,false,
봉은사,봉은사,11680 강남구,1,수도권  도시철도 9호선,4129,0,봉은사,N,n/a,false,false,false,single,false,
봉천,봉천,11620 관악구,1,2호선,0229,0,봉천,N,n/a,false,false,false,single,false,
봉화산,봉화산,11260 중랑구,1,6호선,0647,0,봉화산 | 봉화산(서울의료원) | 서울의료원,N,n/a,false,false,false,single,false,
북한산보국문,북한산보국문,11290 성북구,1,우이신설선,S118,0,북한산보국문,N,n/a,false,true,true,single,false,
북한산우이,북한산우이,11305 강북구,1,우이신설선,S110,0,북한산우이,N,n/a,false,true,true,single,false,
불암산,불암산,11350 노원구,1,4호선,0409,0,불암산,N,n/a,false,false,false,single,false,
사가정,사가정,11260 중랑구,1,7호선,0722,0,사가정,N,n/a,false,false,false,single,false,
사평,사평,11650 서초구,1,서울 도시철도 9호선,4124,0,사평,N,n/a,false,true,true,single,false,
삼성,삼성,11680 강남구,1,2호선,0219,0,삼성 | 삼성(무역센터) | 무역센터,N,n/a,false,false,false,single,false,
삼성중앙,삼성중앙,11680 강남구,1,수도권  도시철도 9호선,4128,0,삼성중앙,N,n/a,false,false,false,single,false,
삼양,삼양,11305 강북구,1,우이신설선,S115,0,삼양,N,n/a,false,true,true,single,false,
삼양사거리,삼양사거리,11305 강북구,1,우이신설선,S116,0,삼양사거리,N,n/a,false,true,true,single,false,
삼전,삼전,11710 송파구,1,수도권  도시철도 9호선,4131,0,삼전,N,n/a,false,false,false,single,false,
상계,상계,11350 노원구,1,4호선,0410,0,상계,N,n/a,false,false,false,single,false,
상도,상도,11590 동작구,1,7호선,0739,0,상도,N,n/a,false,false,false,single,false,
상수,상수,11440 마포구,1,6호선,0623,0,상수,N,n/a,false,false,false,single,false,
상왕십리,상왕십리,11200 성동구,1,2호선,0207,0,상왕십리,N,n/a,false,false,false,single,false,
상월곡,상월곡,11290 성북구,1,6호선,0642,0,상월곡 | 상월곡(한국과학기술연구원) | 한국과학기술연구원,N,n/a,false,false,false,single,false,
상일동,상일동,11740 강동구,1,5호선,0553,0,상일동,N,n/a,false,false,false,single,false,
새절,새절,11380 은평구,1,6호선,0616,0,새절 | 새절(신사) | 신사,N,n/a,false,false,false,single,false,
서강대,서강대역,11440 마포구,1,경의중앙선,1263,0,서강대역,N,n/a,false,true,true,single,false,
서대문,서대문,11410 서대문구,1,5호선,0532,0,서대문,N,n/a,false,false,false,single,false,
서빙고,서빙고역,11170 용산구,1,경원선,1009,0,서빙고역,N,n/a,false,true,true,single,false,
서울대벤처타운,서울대벤처타운,11620 관악구,1,수도권 경량도시철도 신림선,S410,0,서울대벤처타운,N,n/a,false,true,true,single,false,
서울대입구,서울대입구,11620 관악구,1,2호선,0228,0,서울대입구 | 서울대입구(관악구청) | 관악구청,N,n/a,false,false,false,single,false,
서울숲,서울숲역,11200 성동구,1,분당선,1847,0,서울숲역,N,n/a,false,true,true,single,false,
서울지방병무청,서울지방병무청,11590 동작구,1,수도권 경량도시철도 신림선,S403,0,서울지방병무청,N,n/a,false,true,true,single,false,
서원,서원,11620 관악구,1,수도권 경량도시철도 신림선,S409,0,서원,N,n/a,false,true,true,single,false,
서초,서초,11650 서초구,1,2호선,0224,0,서초,N,n/a,false,false,false,single,false,
석촌고분,석촌고분,11710 송파구,1,수도권  도시철도 9호선,4132,0,석촌고분,N,n/a,false,false,false,single,false,
선유도,선유도,11560 영등포구,1,서울 도시철도 9호선,4112,0,선유도,N,n/a,false,true,true,single,false,
성수,성수,11200 성동구,1,2호선,0211,0,성수,N,n/a,false,false,false,single,false,
솔밭공원,솔밭공원,11305 강북구,1,우이신설선,S111,0,솔밭공원,N,n/a,false,true,true,single,false,
솔샘,솔샘,11305 강북구,1,우이신설선,S117,0,솔샘,N,n/a,false,true,true,single,false,
송정,송정,11500 강서구,1,5호선,0513,0,송정,N,n/a,false,false,false,single,false,
송파,송파,11710 송파구,1,8호선,0816,0,송파,N,n/a,false,false,false,single,false,
송파나루,송파나루,11710 송파구,1,수도권  도시철도 9호선,4134,0,송파나루,N,n/a,false,false,false,single,false,
수락산,수락산,11350 노원구,1,7호선,0711,0,수락산,N,n/a,false,false,false,single,false,
수색,수색역,11380 은평구,1,경의중앙선,1267,0,수색역,N,n/a,false,true,true,single,false,
수유,수유,11305 강북구,1,4호선,0414,0,수유 | 수유(강북구청) | 강북구청,N,n/a,false,false,false,single,false,
숙대입구,숙대입구,11170 용산구,1,4호선,0427,0,숙대입구 | 숙대입구(갈월) | 갈월 | 숙대입구(서울시교육청),N,n/a,false,false,false,single,false,
숭실대입구,숭실대입구,11590 동작구,1,7호선,0738,0,숭실대입구 | 숭실대입구(살피재) | 살피재,N,n/a,false,false,false,single,false,
신금호,신금호,11200 성동구,1,5호선,0538,0,신금호,N,n/a,false,false,false,single,false,
신답,신답,11200 성동구,1,2호선,2112,0,신답,N,n/a,false,false,false,single,false,
신대방,신대방,11620 관악구,1,2호선,0231,0,신대방,N,n/a,false,false,false,single,false,
신대방삼거리,신대방삼거리,11590 동작구,1,7호선,0741,0,신대방삼거리,N,n/a,false,false,false,single,false,
신목동,신목동,11470 양천구,1,서울 도시철도 9호선,4111,0,신목동,N,n/a,false,true,true,single,false,
신반포,신반포,11650 서초구,1,서울 도시철도 9호선,4122,0,신반포,N,n/a,false,true,true,single,false,
신방화,신방화,11500 강서구,1,서울 도시철도 9호선,4104,0,신방화,N,n/a,false,true,true,single,false,
신용산,신용산,11170 용산구,1,4호선,0429,0,신용산,N,n/a,false,false,false,single,false,
신이문,신이문역,11230 동대문구,1,경원선,1017,0,신이문역,N,n/a,false,true,true,single,false,
신정,신정,11470 양천구,1,5호선,0519,0,신정 | 신정(은행정) | 은행정,N,n/a,false,false,false,single,false,
신정네거리,신정네거리,11470 양천구,1,2호선,2343,0,신정네거리,N,n/a,false,false,false,single,false,
신촌,신촌,11410 서대문구,1,2호선,0240,0,신촌 | 신촌(지하) | 지하,N,n/a,false,false,false,hold,false,"[OVERRIDE RV-a91b0e49 CONFIRMED_SPLIT] 2호선↔경의중앙선 701m: 환승역 아님(2호선=""일반역"", 경의중앙선=""일반역"") / 환승노선 불일치(2호선쪽 환승노선번호 공란 / 경의중앙선쪽 환승노선번호 공란)"
신촌,신촌역,11410 서대문구,1,경의중앙선,1252,0,신촌역 | 신촌(지하),N,n/a,false,false,false,hold,false,"[OVERRIDE RV-a91b0e49 CONFIRMED_SPLIT] 2호선↔경의중앙선 701m: 환승역 아님(2호선=""일반역"", 경의중앙선=""일반역"") / 환승노선 불일치(2호선쪽 환승노선번호 공란 / 경의중앙선쪽 환승노선번호 공란)"
신풍,신풍,11560 영등포구,1,7호선,0743,0,신풍,N,n/a,false,false,false,single,false,
쌍문,쌍문,11320 도봉구,1,4호선,0413,0,쌍문,N,n/a,false,false,false,single,false,
아차산,아차산,11215 광진구,1,5호선,0545,0,아차산 | 아차산(어린이대공원후문) | 어린이대공원후문,N,n/a,false,false,false,single,false,
아현,아현,11410 서대문구,1,2호선,0242,0,아현,N,n/a,false,false,false,single,false,
안국,안국,11110 종로구,1,3호선,0328,0,안국,N,n/a,false,false,false,single,false,
안암,안암,11290 성북구,1,6호선,0639,0,안암 | 안암(고대병원앞) | 고대병원앞,N,n/a,false,false,false,single,false,
암사,암사,11740 강동구,1,8호선,0810,0,암사,N,n/a,false,false,false,single,false,
암사역사공원,암사역사공원,11740 강동구,1,8호선,0809,0,암사역사공원,N,n/a,false,false,false,single,false,
압구정,압구정,11680 강남구,1,3호선,0336,0,압구정,N,n/a,false,false,false,single,false,
압구정로데오,압구정로데오역,11680 강남구,1,분당선,1848,0,압구정로데오역,N,n/a,false,true,true,single,false,
애오개,애오개,11440 마포구,1,5호선,0530,0,애오개,N,n/a,false,false,false,single,false,
양재시민의숲,양재시민의숲,11650 서초구,1,신분당선,D009,0,양재시민의숲 | 양재시민의숲(매헌) | 매헌,N,n/a,false,true,true,single,false,
양천구청,양천구청,11470 양천구,1,2호선,2342,0,양천구청,N,n/a,false,false,false,single,false,
양천향교,양천향교,11500 강서구,1,서울 도시철도 9호선,4106,0,양천향교,N,n/a,false,true,true,single,false,
양평,양평,11560 영등포구,1,5호선,0522,0,양평,N,n/a,false,false,false,single,false,
어린이대공원,어린이대공원,11215 광진구,1,7호선,0726,0,어린이대공원 | 어린이대공원(세종대) | 세종대,N,n/a,false,false,false,single,false,
언주,언주,11680 강남구,1,수도권  도시철도 9호선,4126,0,언주,N,n/a,false,false,false,single,false,
여의나루,여의나루,11560 영등포구,1,5호선,0527,0,여의나루,N,n/a,false,false,false,single,false,
역삼,역삼,11680 강남구,1,2호선,0221,0,역삼,N,n/a,false,false,false,single,false,
역촌,역촌,11380 은평구,1,6호선,0611,0,역촌,N,n/a,false,false,false,single,false,
염창,염창,11470 양천구,1,서울 도시철도 9호선,4110,0,염창,N,n/a,false,true,true,single,false,
영등포,영등포역,11560 영등포구,1,경부선,1006,0,영등포역,N,n/a,false,true,true,single,false,
영등포시장,영등포시장,11560 영등포구,1,5호선,0524,0,영등포시장,N,n/a,false,false,false,single,false,
오류동,오류동역,11530 구로구,1,경인선,1802,0,오류동역,N,n/a,false,true,true,single,false,
오목교,오목교,11470 양천구,1,5호선,0521,0,오목교 | 오목교(목동운동장앞) | 목동운동장앞,N,n/a,false,false,false,single,false,
외대앞,외대앞역,11230 동대문구,1,경원선,1016,0,외대앞역,N,n/a,false,true,true,single,false,
용답,용답,11200 성동구,1,2호선,2111,0,용답,N,n/a,false,false,false,single,false,
용두,용두,11230 동대문구,1,2호선,2113,0,용두 | 용두(동대문구청) | 동대문구청,N,n/a,false,false,false,single,false,
용마산,용마산,11260 중랑구,1,7호선,0723,0,용마산 | 용마산(용마폭포공원) | 용마폭포공원,N,n/a,false,false,false,single,false,
용산,용산역,11170 용산구,2,경부선 · 경원선,1003 1003,0,용산역,Y,true,false,true,true,merge,false,
우장산,우장산,11500 강서구,1,5호선,0516,0,우장산,N,n/a,false,false,false,single,false,
월계,월계역,11350 노원구,1,경원선,1020,0,월계역,N,n/a,false,true,true,single,false,
월곡,월곡,11290 성북구,1,6호선,0641,0,월곡 | 월곡(동덕여대) | 동덕여대,N,n/a,false,false,false,single,false,
월드컵경기장,월드컵경기장,11440 마포구,1,6호선,0619,0,월드컵경기장 | 월드컵경기장(성산) | 성산,N,n/a,false,false,false,single,false,
을지로입구,을지로입구,11140 중구,1,2호선,0202,0,을지로입구,N,n/a,false,false,false,single,false,
응봉,응봉역,11200 성동구,1,경원선,1012,0,응봉역,N,n/a,false,true,true,single,false,
응암,응암,11380 은평구,1,6호선,0610,0,응암,N,n/a,false,false,false,single,false,
이대,이대,11440 마포구,1,2호선,0241,0,이대,N,n/a,false,false,false,single,false,
이수,이수,11590 동작구,1,7호선,0736,0,이수,Y,n/a,false,false,false,single,false,
이태원,이태원,11170 용산구,1,6호선,0630,0,이태원,N,n/a,false,false,false,single,false,
일원,일원,11680 강남구,1,3호선,0348,0,일원,N,n/a,false,false,false,single,false,
자양,자양,11215 광진구,1,7호선,0728,0,자양 | 자양(뚝섬한강공원) | 뚝섬한강공원,N,n/a,false,false,false,single,false,
잠실나루,잠실나루,11710 송파구,1,2호선,0215,0,잠실나루,N,n/a,false,false,false,single,false,
잠실새내,잠실새내,11710 송파구,1,2호선,0217,0,잠실새내,N,n/a,false,false,false,single,false,
잠원,잠원,11650 서초구,1,3호선,0338,0,잠원,N,n/a,false,false,false,single,false,
장승배기,장승배기,11590 동작구,1,7호선,0740,0,장승배기,N,n/a,false,false,false,single,false,
장지,장지,11710 송파구,1,8호선,0819,0,장지,N,n/a,false,false,false,single,false,
장한평,장한평,11200 성동구,1,5호선,0543,0,장한평,N,n/a,false,false,false,single,false,
정릉,정릉,11290 성북구,1,우이신설선,S119,0,정릉,N,n/a,false,true,true,single,false,
제기동,제기동,11230 동대문구,1,1호선,0125,0,제기동,N,n/a,false,false,false,single,false,
종각,종각,11110 종로구,1,1호선,0131,0,종각,N,n/a,false,false,false,single,false,
종로5가,종로5가,11110 종로구,1,1호선,0129,0,종로5가,N,n/a,false,false,false,single,false,
중계,중계,11350 노원구,1,7호선,0714,0,중계,N,n/a,false,false,false,single,false,
중곡,중곡,11215 광진구,1,7호선,0724,0,중곡,N,n/a,false,false,false,single,false,
중랑,중랑역,11260 중랑구,2,경의중앙선 · 경춘선,1201 1201,0,중랑역,Y,false,false,true,true,merge,false,[OVERRIDE RV-073ce0d7 CONFIRMED_MERGE]
중앙보훈병원,중앙보훈병원,11740 강동구,1,수도권  도시철도 9호선,4138,0,중앙보훈병원,N,n/a,false,false,false,single,false,
중화,중화,11260 중랑구,1,7호선,0719,0,중화,N,n/a,false,false,false,single,false,
증미,증미,11500 강서구,1,서울 도시철도 9호선,4108,0,증미,N,n/a,false,true,true,single,false,
증산,증산,11380 은평구,1,6호선,0617,0,증산 | 증산(명지대앞) | 명지대앞,N,n/a,false,false,false,single,false,
창신,창신,11110 종로구,1,6호선,0637,0,창신,N,n/a,false,false,false,single,false,
천왕,천왕,11530 구로구,1,7호선,0749,0,천왕,N,n/a,false,false,false,single,false,
청계산입구,청계산입구,11650 서초구,1,신분당선,D010,0,청계산입구,N,n/a,false,true,true,single,false,
청담,청담,11680 강남구,1,7호선,0729,0,청담,N,n/a,false,false,false,single,false,
하계,하계,11350 노원구,1,7호선,0715,0,하계,N,n/a,false,false,false,single,false,
학동,학동,11680 강남구,1,7호선,0731,0,학동,N,n/a,false,false,false,single,false,
학여울,학여울,11680 강남구,1,3호선,0346,0,학여울,N,n/a,false,false,false,single,false,
한강진,한강진,11170 용산구,1,6호선,0631,0,한강진,N,n/a,false,false,false,single,false,
한남,한남역,11170 용산구,1,경원선,1010,0,한남역,N,n/a,false,true,true,single,false,
한성대입구,한성대입구,11290 성북구,1,4호선,0419,0,한성대입구 | 한성대입구(삼선교) | 삼선교,N,n/a,false,false,false,single,false,
한성백제,한성백제,11710 송파구,1,수도권  도시철도 9호선,4135,0,한성백제,N,n/a,false,false,false,single,false,
한양대,한양대,11200 성동구,1,2호선,0209,0,한양대,N,n/a,false,false,false,single,false,
한티,한티역,11680 강남구,1,분당선,1024,0,한티역,N,n/a,false,true,true,single,false,
행당,행당,11200 성동구,1,5호선,0539,0,행당,N,n/a,false,false,false,single,false,
혜화,혜화,11110 종로구,1,4호선,0420,0,혜화,N,n/a,false,false,false,single,false,
홍제,홍제,11410 서대문구,1,3호선,0324,0,홍제,N,n/a,false,false,false,single,false,
화계,화계,11305 강북구,1,우이신설선,S114,0,화계,N,n/a,false,true,true,single,false,
화곡,화곡,11500 강서구,1,5호선,0517,0,화곡,N,n/a,false,false,false,single,false,
화랑대,화랑대,11350 노원구,1,6호선,0646,0,화랑대 | 화랑대(서울여대입구) | 서울여대입구 | 화랑대 (서울여대입구),N,n/a,false,false,false,single,false,
회현,회현,11140 중구,1,4호선,0425,0,회현 | 회현(남대문시장) | 남대문시장,N,n/a,false,false,false,single,false,
흑석,흑석,11590 동작구,1,서울 도시철도 9호선,4119,0,흑석 | 흑석(중앙대입구) | 중앙대입구,N,n/a,false,true,true,single,false,
